id,class
plastic2,plastic
plastic3,plastic
plastic4,plastic
plastic5,plastic
plastic6,plastic
plastic7,plastic
plastic8,plastic
plastic9,plastic
plastic10,plastic
plastic11,plastic
plastic12,plastic
plastic13,plastic
plastic14,plastic
plastic15,plastic
plastic16,plastic
plastic17,plastic
plastic18,plastic
plastic19,plastic
plastic20,plastic
plastic21,plastic
plastic22,plastic
plastic23,plastic
plastic24,plastic
plastic25,plastic
plastic26,plastic
plastic27,plastic
plastic28,plastic
plastic29,plastic
plastic30,plastic
plastic31,plastic
plastic32,plastic
plastic33,plastic
plastic34,plastic
plastic35,plastic
plastic36,plastic
plastic37,plastic
plastic38,plastic
plastic39,plastic
plastic40,plastic
plastic41,plastic
plastic42,plastic
plastic43,plastic
plastic44,plastic
plastic45,plastic
plastic46,plastic
plastic47,plastic
plastic48,plastic
plastic49,plastic
plastic50,plastic
plastic51,plastic
plastic52,plastic
plastic53,plastic
plastic54,plastic
plastic55,plastic
plastic56,plastic
plastic57,plastic
plastic58,plastic
plastic59,plastic
plastic60,plastic
plastic61,plastic
plastic62,plastic
plastic63,plastic
plastic64,plastic
plastic65,plastic
plastic66,plastic
plastic67,plastic
plastic68,plastic
plastic69,plastic
plastic70,plastic
plastic71,plastic
plastic72,plastic
plastic73,plastic
plastic74,plastic
plastic75,plastic
plastic76,plastic
plastic77,plastic
plastic78,plastic
plastic79,plastic
plastic80,plastic
plastic81,plastic
plastic82,plastic
plastic83,plastic
plastic84,plastic
plastic85,plastic
plastic86,plastic
plastic87,plastic
plastic88,plastic
plastic89,plastic
plastic90,plastic
plastic91,plastic
plastic92,plastic
plastic93,plastic
plastic94,plastic
plastic95,plastic
plastic96,plastic
plastic97,plastic
plastic98,plastic
plastic99,plastic
plastic100,plastic
plastic101,plastic
plastic102,plastic
plastic103,plastic
plastic104,plastic
plastic105,plastic
plastic106,plastic
plastic107,plastic
plastic108,plastic
plastic109,plastic
plastic110,plastic
plastic111,plastic
plastic112,plastic
plastic113,plastic
plastic114,plastic
plastic115,plastic
plastic116,plastic
plastic117,plastic
plastic118,plastic
plastic119,plastic
plastic120,plastic
plastic121,plastic
plastic122,plastic
plastic123,plastic
plastic124,plastic
plastic125,plastic
plastic126,plastic
plastic127,plastic
plastic128,plastic
plastic129,plastic
plastic130,plastic
plastic131,plastic
plastic132,plastic
plastic133,plastic
plastic134,plastic
plastic135,plastic
plastic136,plastic
plastic137,plastic
plastic138,plastic
plastic139,plastic
plastic140,plastic
plastic141,plastic
plastic142,plastic
plastic143,plastic
plastic144,plastic
plastic145,plastic
plastic146,plastic
plastic147,plastic
plastic148,plastic
plastic149,plastic
plastic150,plastic
plastic151,plastic
plastic152,plastic
plastic153,plastic
plastic154,plastic
plastic155,plastic
plastic156,plastic
plastic157,plastic
plastic158,plastic
plastic159,plastic
plastic160,plastic
plastic161,plastic
plastic162,plastic
plastic163,plastic
plastic164,plastic
plastic165,plastic
plastic166,plastic
plastic167,plastic
plastic168,plastic
plastic169,plastic
plastic170,plastic
plastic171,plastic
plastic172,plastic
plastic173,plastic
plastic174,plastic
plastic175,plastic
plastic176,plastic
plastic177,plastic
plastic178,plastic
plastic179,plastic
plastic180,plastic
plastic181,plastic
plastic182,plastic
plastic183,plastic
plastic184,plastic
plastic185,plastic
plastic186,plastic
plastic187,plastic
plastic188,plastic
plastic189,plastic
plastic190,plastic
plastic191,plastic
plastic192,plastic
plastic193,plastic
plastic194,plastic
plastic195,plastic
plastic196,plastic
plastic197,plastic
plastic198,plastic
plastic199,plastic
plastic200,plastic
plastic201,plastic
plastic202,plastic
plastic203,plastic
plastic204,plastic
plastic205,plastic
plastic206,plastic
plastic207,plastic
plastic208,plastic
plastic209,plastic
plastic210,plastic
plastic211,plastic
plastic212,plastic
plastic213,plastic
plastic214,plastic
plastic215,plastic
plastic216,plastic
plastic217,plastic
plastic218,plastic
plastic219,plastic
plastic220,plastic
plastic221,plastic
plastic222,plastic
plastic223,plastic
plastic224,plastic
plastic225,plastic
plastic226,plastic
plastic227,plastic
plastic228,plastic
plastic229,plastic
plastic230,plastic
plastic231,plastic
plastic232,plastic
plastic233,plastic
plastic234,plastic
plastic235,plastic
plastic236,plastic
plastic237,plastic
plastic238,plastic
plastic239,plastic
plastic240,plastic
plastic241,plastic
plastic242,plastic
plastic243,plastic
plastic244,plastic
plastic245,plastic
plastic246,plastic
plastic247,plastic
plastic248,plastic
plastic249,plastic
plastic250,plastic
plastic251,plastic
plastic252,plastic
plastic253,plastic
plastic254,plastic
plastic255,plastic
plastic256,plastic
plastic257,plastic
plastic258,plastic
plastic259,plastic
plastic260,plastic
plastic261,plastic
plastic262,plastic
plastic263,plastic
plastic264,plastic
plastic265,plastic
plastic266,plastic
plastic267,plastic
plastic268,plastic
plastic269,plastic
plastic270,plastic
plastic271,plastic
plastic272,plastic
plastic273,plastic
plastic274,plastic
plastic275,plastic
plastic276,plastic
plastic277,plastic
plastic278,plastic
plastic279,plastic
plastic280,plastic
plastic281,plastic
plastic282,plastic
plastic283,plastic
plastic284,plastic
plastic285,plastic
plastic286,plastic
plastic287,plastic
plastic288,plastic
plastic289,plastic
plastic290,plastic
plastic291,plastic
plastic292,plastic
plastic293,plastic
plastic294,plastic
plastic295,plastic
plastic296,plastic
plastic297,plastic
plastic298,plastic
plastic299,plastic
plastic300,plastic
plastic301,plastic
plastic302,plastic
plastic303,plastic
plastic304,plastic
plastic305,plastic
plastic306,plastic
plastic307,plastic
plastic308,plastic
plastic309,plastic
plastic310,plastic
plastic311,plastic
plastic312,plastic
plastic313,plastic
plastic314,plastic
plastic315,plastic
plastic316,plastic
plastic317,plastic
plastic318,plastic
plastic319,plastic
plastic320,plastic
plastic321,plastic
plastic322,plastic
plastic323,plastic
plastic324,plastic
plastic325,plastic
plastic326,plastic
plastic327,plastic
plastic328,plastic
plastic329,plastic
plastic330,plastic
plastic331,plastic
plastic332,plastic
plastic333,plastic
plastic334,plastic
plastic335,plastic
plastic336,plastic
plastic337,plastic
plastic338,plastic
plastic339,plastic
plastic340,plastic
plastic341,plastic
plastic342,plastic
plastic343,plastic
plastic344,plastic
plastic345,plastic
plastic346,plastic
plastic347,plastic
plastic348,plastic
plastic349,plastic
plastic350,plastic
plastic351,plastic
plastic352,plastic
plastic353,plastic
plastic354,plastic
plastic355,plastic
plastic356,plastic
plastic357,plastic
plastic358,plastic
plastic359,plastic
plastic360,plastic
plastic361,plastic
plastic362,plastic
plastic363,plastic
plastic364,plastic
plastic365,plastic
plastic366,plastic
plastic367,plastic
plastic368,plastic
plastic369,plastic
plastic370,plastic
plastic371,plastic
plastic372,plastic
plastic373,plastic
plastic374,plastic
plastic375,plastic
plastic376,plastic
plastic377,plastic
plastic378,plastic
plastic379,plastic
plastic380,plastic
plastic381,plastic
plastic382,plastic
plastic383,plastic
plastic384,plastic
plastic385,plastic
plastic386,plastic
plastic387,plastic
plastic388,plastic
plastic389,plastic
plastic390,plastic
plastic391,plastic
plastic392,plastic
plastic393,plastic
plastic394,plastic
plastic395,plastic
plastic396,plastic
plastic397,plastic
plastic398,plastic
plastic399,plastic
plastic400,plastic
plastic401,plastic
plastic402,plastic
plastic403,plastic
plastic404,plastic
plastic405,plastic
plastic406,plastic
plastic407,plastic
plastic408,plastic
plastic409,plastic
plastic410,plastic
plastic411,plastic
plastic412,plastic
plastic413,plastic
plastic414,plastic
plastic415,plastic
plastic416,plastic
plastic417,plastic
plastic418,plastic
plastic419,plastic
plastic420,plastic
plastic421,plastic
plastic422,plastic
plastic423,plastic
plastic424,plastic
plastic425,plastic
plastic426,plastic
plastic427,plastic
plastic428,plastic
plastic429,plastic
plastic430,plastic
plastic431,plastic
plastic432,plastic
plastic433,plastic
plastic434,plastic
plastic435,plastic
plastic436,plastic
plastic437,plastic
plastic438,plastic
plastic439,plastic
plastic440,plastic
plastic441,plastic
plastic442,plastic
plastic443,plastic
plastic444,plastic
plastic445,plastic
plastic446,plastic
plastic447,plastic
plastic448,plastic
plastic449,plastic
plastic450,plastic
plastic451,plastic
plastic452,plastic
plastic453,plastic
plastic454,plastic
plastic455,plastic
plastic456,plastic
plastic457,plastic
plastic458,plastic
plastic459,plastic
plastic460,plastic
plastic461,plastic
plastic462,plastic
plastic463,plastic
plastic464,plastic
plastic465,plastic
plastic466,plastic
plastic467,plastic
plastic468,plastic
plastic469,plastic
plastic470,plastic
plastic471,plastic
plastic472,plastic
plastic473,plastic
plastic474,plastic
plastic475,plastic
plastic476,plastic
plastic477,plastic
plastic478,plastic
plastic479,plastic
plastic480,plastic
plastic481,plastic
plastic482,plastic
glass2,glass
glass3,glass
glass4,glass
glass5,glass
glass6,glass
glass7,glass
glass8,glass
glass9,glass
glass10,glass
glass11,glass
glass12,glass
glass13,glass
glass14,glass
glass15,glass
glass16,glass
glass17,glass
glass18,glass
glass19,glass
glass20,glass
glass21,glass
glass22,glass
glass23,glass
glass24,glass
glass25,glass
glass26,glass
glass27,glass
glass28,glass
glass29,glass
glass30,glass
glass31,glass
glass32,glass
glass33,glass
glass34,glass
glass35,glass
glass36,glass
glass37,glass
glass38,glass
glass39,glass
glass40,glass
glass41,glass
glass42,glass
glass43,glass
glass44,glass
glass45,glass
glass46,glass
glass47,glass
glass48,glass
glass49,glass
glass50,glass
glass51,glass
glass52,glass
glass53,glass
glass54,glass
glass55,glass
glass56,glass
glass57,glass
glass58,glass
glass59,glass
glass60,glass
glass61,glass
glass62,glass
glass63,glass
glass64,glass
glass65,glass
glass66,glass
glass67,glass
glass68,glass
glass69,glass
glass70,glass
glass71,glass
glass72,glass
glass73,glass
glass74,glass
glass75,glass
glass76,glass
glass77,glass
glass78,glass
glass79,glass
glass80,glass
glass81,glass
glass82,glass
glass83,glass
glass84,glass
glass85,glass
glass86,glass
glass87,glass
glass88,glass
glass89,glass
glass90,glass
glass91,glass
glass92,glass
glass93,glass
glass94,glass
glass95,glass
glass96,glass
glass97,glass
glass98,glass
glass99,glass
glass100,glass
glass101,glass
glass102,glass
glass103,glass
glass104,glass
glass105,glass
glass106,glass
glass107,glass
glass108,glass
glass109,glass
glass110,glass
glass111,glass
glass112,glass
glass113,glass
glass114,glass
glass115,glass
glass116,glass
glass117,glass
glass118,glass
glass119,glass
glass120,glass
glass121,glass
glass122,glass
glass123,glass
glass124,glass
glass125,glass
glass126,glass
glass127,glass
glass128,glass
glass129,glass
glass130,glass
glass131,glass
glass132,glass
glass133,glass
glass134,glass
glass135,glass
glass136,glass
glass137,glass
glass138,glass
glass139,glass
glass140,glass
glass141,glass
glass142,glass
glass143,glass
glass144,glass
glass145,glass
glass146,glass
glass147,glass
glass148,glass
glass149,glass
glass150,glass
glass151,glass
glass152,glass
glass153,glass
glass154,glass
glass155,glass
glass156,glass
glass157,glass
glass158,glass
glass159,glass
glass160,glass
glass161,glass
glass162,glass
glass163,glass
glass164,glass
glass165,glass
glass166,glass
glass167,glass
glass168,glass
glass169,glass
glass170,glass
glass171,glass
glass172,glass
glass173,glass
glass174,glass
glass175,glass
glass176,glass
glass177,glass
glass178,glass
glass179,glass
glass180,glass
glass181,glass
glass182,glass
glass183,glass
glass184,glass
glass185,glass
glass186,glass
glass187,glass
glass188,glass
glass189,glass
glass190,glass
glass191,glass
glass192,glass
glass193,glass
glass194,glass
glass195,glass
glass196,glass
glass197,glass
glass198,glass
glass199,glass
glass200,glass
glass201,glass
glass202,glass
glass203,glass
glass204,glass
glass205,glass
glass206,glass
glass207,glass
glass208,glass
glass209,glass
glass210,glass
glass211,glass
glass212,glass
glass213,glass
glass214,glass
glass215,glass
glass216,glass
glass217,glass
glass218,glass
glass219,glass
glass220,glass
glass221,glass
glass222,glass
glass223,glass
glass224,glass
glass225,glass
glass226,glass
glass227,glass
glass228,glass
glass229,glass
glass230,glass
glass231,glass
glass232,glass
glass233,glass
glass234,glass
glass235,glass
glass236,glass
glass237,glass
glass238,glass
glass239,glass
glass240,glass
glass241,glass
glass242,glass
glass243,glass
glass244,glass
glass245,glass
glass246,glass
glass247,glass
glass248,glass
glass249,glass
glass250,glass
glass251,glass
glass252,glass
glass253,glass
glass254,glass
glass255,glass
glass256,glass
glass257,glass
glass258,glass
glass259,glass
glass260,glass
glass261,glass
glass262,glass
glass263,glass
glass264,glass
glass265,glass
glass266,glass
glass267,glass
glass268,glass
glass269,glass
glass270,glass
glass271,glass
glass272,glass
glass273,glass
glass274,glass
glass275,glass
glass276,glass
glass277,glass
glass278,glass
glass279,glass
glass280,glass
glass281,glass
glass282,glass
glass283,glass
glass284,glass
glass285,glass
glass286,glass
glass287,glass
glass288,glass
glass289,glass
glass290,glass
glass291,glass
glass292,glass
glass293,glass
glass294,glass
glass295,glass
glass296,glass
glass297,glass
glass298,glass
glass299,glass
glass300,glass
glass301,glass
glass302,glass
glass303,glass
glass304,glass
glass305,glass
glass306,glass
glass307,glass
glass308,glass
glass309,glass
glass310,glass
glass311,glass
glass312,glass
glass313,glass
glass314,glass
glass315,glass
glass316,glass
glass317,glass
glass318,glass
glass319,glass
glass320,glass
glass321,glass
glass322,glass
glass323,glass
glass324,glass
glass325,glass
glass326,glass
glass327,glass
glass328,glass
glass329,glass
glass330,glass
glass331,glass
glass332,glass
glass333,glass
glass334,glass
glass335,glass
glass336,glass
glass337,glass
glass338,glass
glass339,glass
glass340,glass
glass341,glass
glass342,glass
glass343,glass
glass344,glass
glass345,glass
glass346,glass
glass347,glass
glass348,glass
glass349,glass
glass350,glass
glass351,glass
glass352,glass
glass353,glass
glass354,glass
glass355,glass
glass356,glass
glass357,glass
glass358,glass
glass359,glass
glass360,glass
glass361,glass
glass362,glass
glass363,glass
glass364,glass
glass365,glass
glass366,glass
glass367,glass
glass368,glass
glass369,glass
glass370,glass
glass371,glass
glass372,glass
glass373,glass
glass374,glass
glass375,glass
glass376,glass
glass377,glass
glass378,glass
glass379,glass
glass380,glass
glass381,glass
glass382,glass
glass383,glass
glass384,glass
glass385,glass
glass386,glass
glass387,glass
glass388,glass
glass389,glass
glass390,glass
glass391,glass
glass392,glass
glass393,glass
glass394,glass
glass395,glass
glass396,glass
glass397,glass
glass398,glass
glass399,glass
glass400,glass
glass401,glass
glass402,glass
glass403,glass
glass404,glass
glass405,glass
glass406,glass
glass407,glass
glass408,glass
glass409,glass
glass410,glass
glass411,glass
glass412,glass
glass413,glass
glass414,glass
glass415,glass
glass416,glass
glass417,glass
glass418,glass
glass419,glass
glass420,glass
glass421,glass
glass422,glass
glass423,glass
glass424,glass
glass425,glass
glass426,glass
glass427,glass
glass428,glass
glass429,glass
glass430,glass
glass431,glass
glass432,glass
glass433,glass
glass434,glass
glass435,glass
glass436,glass
glass437,glass
glass438,glass
glass439,glass
glass440,glass
glass441,glass
glass442,glass
glass443,glass
glass444,glass
glass445,glass
glass446,glass
glass447,glass
glass448,glass
glass449,glass
glass450,glass
glass451,glass
glass452,glass
glass453,glass
glass454,glass
glass455,glass
glass456,glass
glass457,glass
glass458,glass
glass459,glass
glass460,glass
glass461,glass
glass462,glass
glass463,glass
glass464,glass
glass465,glass
glass466,glass
glass467,glass
glass468,glass
glass469,glass
glass470,glass
glass471,glass
glass472,glass
glass473,glass
glass474,glass
glass475,glass
glass476,glass
glass477,glass
glass478,glass
glass479,glass
glass480,glass
glass481,glass
glass482,glass
glass483,glass
glass484,glass
glass485,glass
glass486,glass
glass487,glass
glass488,glass
glass489,glass
glass490,glass
glass491,glass
glass492,glass
glass493,glass
glass494,glass
glass495,glass
glass496,glass
glass497,glass
glass498,glass
glass499,glass
glass500,glass
glass501,glass
